term,standardised_coefficient,abs_effect
population_density,0.5946124993588757,0.5946124993588757
claimant_per_1000,-0.19369802617485046,0.19369802617485046
imd_value,0.06763638916251576,0.06763638916251576
