predictor,correlation_with_crime_per_1000
population_density,0.5293445244669865
imd_value,0.2509841176913339
claimant_per_1000,0.1962830050078708
