term,standardised_coefficient
intercept,2.7755575615628914e-16
claimant_per_1000,-0.19369802617485046
population_density,0.5946124993588757
imd_value,0.06763638916251576
